{"cameraMode":{"drawMode":0,"name":"Shaded","section":"Shading Mode"},"sceneLighting":true,"audioPlay":false,"sceneViewState":{"m_AlwaysRefresh":false,"showFog":true,"showSkybox":true,"showFlares":true,"showImageEffects":true,"showParticleSystems":true,"showVisualEffectGraphs":true,"m_FxEnabled":false},"in2DMode":false,"pivot":{"x":4.452357292175293,"y":4.483484268188477,"z":-15.574441909790039},"rotation":{"x":0.00007678638212382793,"y":0.9998804926872253,"z":-0.016805637627840043,"w":0.0029892059974372389},"size":18.639625549316408,"orthographic":false}